"judul";"penulis";"stok";"idBuku"
"Introduction to Algorithms";"Thomas H. Cormen, Charles E. Leiserson, Ronald L. Rivest, dan Clifford Stein";9;"001"
"Computer Networking: A Top-Down Approach";"James F. Kurose dan Keith W. Ross";10;"002"
"The Art of Computer Programming";"Donald E. Knuth";10;"003"
"Computer Organization and Design: The Hardware/Software Interface";"David A. Patterson & John L. Hennessy";10;"004"
"Database System Concepts";"Abraham Silberschatz, Henry F. Korth, & S. Sudarshan";10;"005"
"Algorithms";" Robert Sedgewick & Kevin Wayne";10;"006"
"Structure and Interpretation of Computer Programs (SICP)";" Harold Abelson & Gerald Jay Sussman";10;"007"
"Clean Code: A Handbook of Agile Software Craftsmanship";"Robert C. Martin";10;"008"
