"judul";"penulis";"stok";"idBuku"
"Engineering Mechanics: Statics and Dynamics";".L. Meriam & L.G. Kraige";10;"101"
"Shigley Mechanical Engineering Design";"Richard G. Budynas & J. Keith Nisbett";10;"102"
"Thermodynamics: An Engineering Approach";"Yunus A. �engel & Michael A. Boles";10;"103"
"Fluid Mechanics";"Frank M. White";10;"104"
"Materials Science and Engineering: An Introduction";"William D. Callister";10;"105"
"Manufacturing Engineering and Technology";"Serope Kalpakjian & Steven R. Schmid";10;"106"
"Machine Design: An Integrated Approach";"Robert L. Norton";10;"107"
"Heat and Mass Transfer: Fundamentals and Applications";"Yunus A. �engel & Afshin J. Ghajar";10;"108"
